id,train_ratio,n_estimators,max_depth,min_samples_split,max_features,cross_validation,attack_cat,f1,precision,recall
1,0.8,500,None,2,sqrt,True,DoS_Normal,0.9726545958352701,0.9851721434842593,0.9609051244880312
2,0.8,300,None,5,log2,True,Exploits_Normal,0.9626926476323643,0.9744213307140775,0.9516561681151181
3,0.8,500,20,10,log2,True,Fuzzers_Normal,0.749266379982757,0.8471469420654203,0.7000830832698288
4,0.8,500,None,2,log2,True,Generic_Normal,0.994633576584966,0.9977880153358638,0.9915280652229286
5,0.8,500,20,5,sqrt,True,Reconnaissance_Normal,0.9710941366174632,0.9754506980609148,0.9668352628726717
6,0.8,300,20,2,sqrt,True,Normal_Reconnaissance_DoS_Exploits_Fuzzers_Generic,0.9311370933090628,0.9313158251329889,0.9309595944900846
